Workbook

Sheet 说明
A1: 车间 Operator 激励计算表
A3: 怎么用（每月 3 步）
A4: 1. 每天：在【每日记录】填一行/每条线（黄色格子）。灰白格子是公式，不要改。
A5: 2. 月底：在【月度结算】填结算月份、每人迟到/缺勤次数、每条线的品质事件。
A6: 3. 奖金自动算好。目标、金额都在【设定】里改，蓝色字 = 可以改的数字。
A8: 奖金规则（可直接翻译贴在车间）
A9: ① 出勤奖（个人）：全勤 RM80；迟到+缺勤共 1 次 RM40；2 次以上 RM0。
A10: ② 效率奖（按生产线）：达成率 = 实际产量 ÷ 标准产量。≥100% RM80，≥110% RM120，≥120% RM160。
A11: 标准产量 = 有效人时 × 该产品标准 kg/人/小时。没单、机器坏、等原料的停工时间不算，员工才觉得公平。
A12: ③ 控重奖（按生产线）：超重率 = 抽检平均重量比标示重量多出的 %。≤1.5% RM100，≤3% RM50，>3% RM0。
A13: 平均重量低于标示重量 = 违法风险（Weights and Measures Act），算一次品质事件，控重奖 RM0。
A14: ④ 品质开关：②+③ 乘以品质倍数。0 次事件 ×100%，1 次 ×50%，2 次以上或任何严重事件（客诉/异物/食安）×0。
... A20: 【设定】里的产品和标准产量是示例数字，请先用过去 1–3 个月的实际平均值替换，再试跑 1 个月不发钱，确认基准合理后才正式实行。

Sheet 设定
A1: 设定（蓝色数字可改）
A3: 产品标准 | E3: 效率奖（按线）
A4: 产品 | B4: 每包标示重量 (g) | C4: 标准产量 (kg/人/小时) | E4: 达成率 ≥ | F4: 奖金 RM/人
A5: 水饺 | B5: 500 | C5: 8 | E5: 1 | F5: 80
A6: 春卷 | B6: 600 | C6: 6 | E6: 1.1 | F6: 120
A7: 烧卖 | B7: 400 | C7: 5 | E7: 1.2 | F7: 160
E9: 控重奖（按线）
E10: 超重率 ≤ | F10: 奖金 RM/人
E11: 0.015 | F11: 100
E12: 0.03 | F12: 50
E14: 出勤奖（个人）
E15: 迟到+缺勤次数 | F15: 奖金 RM
E16: 0 次 | F16: 80
E17: 1 次 | F17: 40
E18: 2 次以上 | F18: 0
E20: 品质倍数
E21: 品质事件 | F21: 倍数
E22: 0 次 | F22: 1
E23: 1 次 | F23: 0.5
E24: 2 次以上 / 严重 | F24: 0
E26: 金额为建议值（假设 8 人、底薪约 RM1,700），可按预算调整。

Sheet 每日记录
A1: 日期 | B1: 生产线 | C1: 产品 | D1: 人数 | E1: 工作小时 | F1: 停工小时 (没单/机坏/等料) | G1: 成品包数 | H1: 抽检平均重量 (g) (每线每天抽10包) | I1: 有效人时 | J1: 标示重量 (g) | K1: 实际产量 (kg) | L1: 标准产量 (kg) | M1: 达成率 | N1: 超重率 | O1: 低重警告 | P1: 超重总克 | Q1: 标示总克 | R1: 低重次数
A2: 46296 | B2: Line 1 | C2: 水饺 | D2: 3 | E2: 8 | F2: 0 | G2: 400 | H2: 508 | I2: =IF(A2="","",D2*(E2-F2)) -> 24 | J2: =IF(A2="","",IFERROR(INDEX(设定!$B$5:$B$14,MATCH(C2,设定!$A$5:$A$14,0)),0)) -> 500 | K2: =IF(A2="","",G2*J2/1000) -> 200 | L2: =IF(A2="","",I2*IFERROR(INDEX(设定!$C$5:$C$14,MATCH(C2,设定!$A$5:$A$14,0)),0)) -> 192 | M2: =IF(A2="","",IF(L2>0,K2/L2,0)) -> 1.0416667 | N2: =IF(OR(A2="",H2=""),"",IF(J2>0,(H2-J2)/J2,0)) -> 0.016 | O2: =IF(OR(A2="",H2=""),"",IF(H2<J2,"⚠ 低于标示","")) | P2: =IF(OR(A2="",H2=""),0,G2*(H2-J2)) -> 3200 | Q2: =IF(OR(A2="",H2=""),0,G2*J2) -> 200000 | R2: =IF(OR(A2="",H2=""),0,IF(H2<J2,1,0)) -> 0
A3: 46296 | B3: Line 2 | C3: 春卷 | D3: 3 | E3: 8 | F3: 0 | G3: 260 | H3: 612 | I3: =IF(A3="","",D3*(E3-F3)) -> 24 | J3: =IF(A3="","",IFERROR(INDEX(设定!$B$5:$B$14,MATCH(C3,设定!$A$5:$A$14,0)),0)) -> 600 | K3: =IF(A3="","",G3*J3/1000) -> 156 | L3: =IF(A3="","",I3*IFERROR(INDEX(设定!$C$5:$C$14,MATCH(C3,设定!$A$5:$A$14,0)),0)) -> 144 | M3: =IF(A3="","",IF(L3>0,K3/L3,0)) -> 1.0833333 | N3: =IF(OR(A3="",H3=""),"",IF(J3>0,(H3-J3)/J3,0)) -> 0.02 | O3: =IF(OR(A3="",H3=""),"",IF(H3<J3,"⚠ 低于标示","")) | P3: =IF(OR(A3="",H3=""),0,G3*(H3-J3)) -> 3120 | Q3: =IF(OR(A3="",H3=""),0,G3*J3) -> 156000 | R3: =IF(OR(A3="",H3=""),0,IF(H3<J3,1,0)) -> 0
A4: 46296 | B4: Line 3 | C4: 烧卖 | D4: 2 | E4: 8 | F4: 0 | G4: 205 | H4: 404 | I4: =IF(A4="","",D4*(E4-F4)) -> 16 | J4: =IF(A4="","",IFERROR(INDEX(设定!$B$5:$B$14,MATCH(C4,设定!$A$5:$A$14,0)),0)) -> 400 | K4: =IF(A4="","",G4*J4/1000) -> 82 | L4: =IF(A4="","",I4*IFERROR(INDEX(设定!$C$5:$C$14,MATCH(C4,设定!$A$5:$A$14,0)),0)) -> 80 | M4: =IF(A4="","",IF(L4>0,K4/L4,0)) -> 1.025 | N4: =IF(OR(A4="",H4=""),"",IF(J4>0,(H4-J4)/J4,0)) -> 0.01 | O4: =IF(OR(A4="",H4=""),"",IF(H4<J4,"⚠ 低于标示","")) | P4: =IF(OR(A4="",H4=""),0,G4*(H4-J4)) -> 820 | Q4: =IF(OR(A4="",H4=""),0,G4*J4) -> 82000 | R4: =IF(OR(A4="",H4=""),0,IF(H4<J4,1,0)) -> 0
A5: 46297 | B5: Line 1 | C5: 水饺 | D5: 3 | E5: 8 | F5: 0 | G5: 410 | H5: 506 | I5: =IF(A5="","",D5*(E5-F5)) -> 24 | J5: =IF(A5="","",IFERROR(INDEX(设定!$B$5:$B$14,MATCH(C5,设定!$A$5:$A$14,0)),0)) -> 500 | K5: =IF(A5="","",G5*J5/1000) -> 205 | L5: =IF(A5="","",I5*IFERROR(INDEX(设定!$C$5:$C$14,MATCH(C5,设定!$A$5:$A$14,0)),0)) -> 192 | M5: =IF(A5="","",IF(L5>0,K5/L5,0)) -> 1.0677083 | N5: =IF(OR(A5="",H5=""),"",IF(J5>0,(H5-J5)/J5,0)) -> 0.012 | O5: =IF(OR(A5="",H5=""),"",IF(H5<J5,"⚠ 低于标示","")) | P5: =IF(OR(A5="",H5=""),0,G5*(H5-J5)) -> 2460 | Q5: =IF(OR(A5="",H5=""),0,G5*J5) -> 205000 | R5: =IF(OR(A5="",H5=""),0,IF(H5<J5,1,0)) -> 0
A6: 46297 | B6: Line 2 | C6: 春卷 | D6: 3 | E6: 8 | F6: 1 | G6: 230 | H6: 609 | I6: =IF(A6="","",D6*(E6-F6)) -> 21 | J6: =IF(A6="","",IFERROR(INDEX(设定!$B$5:$B$14,MATCH(C6,设定!$A$5:$A$14,0)),0)) -> 600 | K6: =IF(A6="","",G6*J6/1000) -> 138 | L6: =IF(A6="","",I6*IFERROR(INDEX(设定!$C$5:$C$14,MATCH(C6,设定!$A$5:$A$14,0)),0)) -> 126 | M6: =IF(A6="","",IF(L6>0,K6/L6,0)) -> 1.0952381 | N6: =IF(OR(A6="",H6=""),"",IF(J6>0,(H6-J6)/J6,0)) -> 0.015 | O6: =IF(OR(A6="",H6=""),"",IF(H6<J6,"⚠ 低于标示","")) | P6: =IF(OR(A6="",H6=""),0,G6*(H6-J6)) -> 2070 | Q6: =IF(OR(A6="",H6=""),0,G6*J6) -> 138000 | R6: =IF(OR(A6="",H6=""),0,IF(H6<J6,1,0)) -> 0
A7: 46297 | B7: Line 3 | C7: 烧卖 | D7: 2 | E7: 8 | F7: 0 | G7: 200 | H7: 398 | I7: =IF(A7="","",D7*(E7-F7)) -> 16 | J7: =IF(A7="","",IFERROR(INDEX(设定!$B$5:$B$14,MATCH(C7,设定!$A$5:$A$14,0)),0)) -> 400 | K7: =IF(A7="","",G7*J7/1000) -> 80 | L7: =IF(A7="","",I7*IFERROR(INDEX(设定!$C$5:$C$14,MATCH(C7,设定!$A$5:$A$14,0)),0)) -> 80 | M7: =IF(A7="","",IF(L7>0,K7/L7,0)) -> 1 | N7: =IF(OR(A7="",H7=""),"",IF(J7>0,(H7-J7)/J7,0)) -> -0.005 | O7: =IF(OR(A7="",H7=""),"",IF(H7<J7,"⚠ 低于标示","")) -> ⚠ 低于标示 | P7: =IF(OR(A7="",H7=""),0,G7*(H7-J7)) -> -400 | Q7: =IF(OR(A7="",H7=""),0,G7*J7) -> 80000 | R7: =IF(OR(A7="",H7=""),0,IF(H7<J7,1,0)) -> 1
A8: 46298 | B8: Line 1 | C8: 水饺 | D8: 3 | E8: 8 | F8: 0 | G8: 385 | H8: 511 | I8: =IF(A8="","",D8*(E8-F8)) -> 24 | J8: =IF(A8="","",IFERROR(INDEX(设定!$B$5:$B$14,MATCH(C8,设定!$A$5:$A$14,0)),0)) -> 500 | K8: =IF(A8="","",G8*J8/1000) -> 192.5 | L8: =IF(A8="","",I8*IFERROR(INDEX(设定!$C$5:$C$14,MATCH(C8,设定!$A$5:$A$14,0)),0)) -> 192 | M8: =IF(A8="","",IF(L8>0,K8/L8,0)) -> 1.0026042 | N8: =IF(OR(A8="",H8=""),"",IF(J8>0,(H8-J8)/J8,0)) -> 0.022 | O8: =IF(OR(A8="",H8=""),"",IF(H8<J8,"⚠ 低于标示","")) | P8: =IF(OR(A8="",H8=""),0,G8*(H8-J8)) -> 4235 | Q8: =IF(OR(A8="",H8=""),0,G8*J8) -> 192500 | R8: =IF(OR(A8="",H8=""),0,IF(H8<J8,1,0)) -> 0
A9: 46298 | B9: Line 2 | C9: 春卷 | D9: 3 | E9: 8 | F9: 0 | G9: 275 | H9: 615 | I9: =IF(A9="","",D9*(E9-F9)) -> 24 | J9: =IF(A9="","",IFERROR(INDEX(设定!$B$5:$B$14,MATCH(C9,设定!$A$5:$A$14,0)),0)) -> 600 | K9: =IF(A9="","",G9*J9/1000) -> 165 | L9: =IF(A9="","",I9*IFERROR(INDEX(设定!$C$5:$C$14,MATCH(C9,设定!$A$5:$A$14,0)),0)) -> 144 | M9: =IF(A9="","",IF(L9>0,K9/L9,0)) -> 1.1458333 | N9: =IF(OR(A9="",H9=""),"",IF(J9>0,(H9-J9)/J9,0)) -> 0.025 | O9: =IF(OR(A9="",H9=""),"",IF(H9<J9,"⚠ 低于标示","")) | P9: =IF(OR(A9="",H9=""),0,G9*(H9-J9)) -> 4125 | Q9: =IF(OR(A9="",H9=""),0,G9*J9) -> 165000 | R9: =IF(OR(A9="",H9=""),0,IF(H9<J9,1,0)) -> 0
A10: 46298 | B10: Line 3 | C10: 烧卖 | D10: 2 | E10: 8 | F10: 0 | G10: 215 | H10: 405 | I10: =IF(A10="","",D10*(E10-F10)) -> 16 | J10: =IF(A10="","",IFERROR(INDEX(设定!$B$5:$B$14,MATCH(C10,设定!$A$5:$A$14,0)),0)) -> 400 | K10: =IF(A10="","",G10*J10/1000) -> 86 | L10: =IF(A10="","",I10*IFERROR(INDEX(设定!$C$5:$C$14,MATCH(C10,设定!$A$5:$A$14,0)),0)) -> 80 | M10: =IF(A10="","",IF(L10>0,K10/L10,0)) -> 1.075 | N10: =IF(OR(A10="",H10=""),"",IF(J10>0,(H10-J10)/J10,0)) -> 0.0125 | O10: =IF(OR(A10="",H10=""),"",IF(H10<J10,"⚠ 低于标示","")) | P10: =IF(OR(A10="",H10=""),0,G10*(H10-J10)) -> 1075 | Q10: =IF(OR(A10="",H10=""),0,G10*J10) -> 86000 | R10: =IF(OR(A10="",H10=""),0,IF(H10<J10,1,0)) -> 0
I11: =IF(A11="","",D11*(E11-F11)) | J11: =IF(A11="","",IFERROR(INDEX(设定!$B$5:$B$14,MATCH(C11,设定!$A$5:$A$14,0)),0)) | K11: =IF(A11="","",G11*J11/1000) | L11: =IF(A11="","",I11*IFERROR(INDEX(设定!$C$5:$C$14,MATCH(C11,设定!$A$5:$A$14,0)),0)) | M11: =IF(A11="","",IF(L11>0,K11/L11,0)) | N11: =IF(OR(A11="",H11=""),"",IF(J11>0,(H11-J11)/J11,0)) | O11: =IF(OR(A11="",H11=""),"",IF(H11<J11,"⚠ 低于标示","")) | P11: =IF(OR(A11="",H11=""),0,G11*(H11-J11)) -> 0 | Q11: =IF(OR(A11="",H11=""),0,G11*J11) -> 0 | R11: =IF(OR(A11="",H11=""),0,IF(H11<J11,1,0)) -> 0
I12: =IF(A12="","",D12*(E12-F12)) | J12: =IF(A12="","",IFERROR(INDEX(设定!$B$5:$B$14,MATCH(C12,设定!$A$5:$A$14,0)),0)) | K12: =IF(A12="","",G12*J12/1000) | L12: =IF(A12="","",I12*IFERROR(INDEX(设定!$C$5:$C$14,MATCH(C12,设定!$A$5:$A$14,0)),0)) | M12: =IF(A12="","",IF(L12>0,K12/L12,0)) | N12: =IF(OR(A12="",H12=""),"",IF(J12>0,(H12-J12)/J12,0)) | O12: =IF(OR(A12="",H12=""),"",IF(H12<J12,"⚠ 低于标示","")) | P12: =IF(OR(A12="",H12=""),0,G12*(H12-J12)) -> 0 | Q12: =IF(OR(A12="",H12=""),0,G12*J12) -> 0 | R12: =IF(OR(A12="",H12=""),0,IF(H12<J12,1,0)) -> 0
I13: =IF(A13="","",D13*(E13-F13)) | J13: =IF(A13="","",IFERROR(INDEX(设定!$B$5:$B$14,MATCH(C13,设定!$A$5:$A$14,0)),0)) | K13: =IF(A13="","",G13*J13/1000) | L13: =IF(A13="","",I13*IFERROR(INDEX(设定!$C$5:$C$14,MATCH(C13,设定!$A$5:$A$14,0)),0)) | M13: =IF(A13="","",IF(L13>0,K13/L13,0)) | N13: =IF(OR(A13="",H13=""),"",IF(J13>0,(H13-J13)/J13,0)) | O13: =IF(OR(A13="",H13=""),"",IF(H13<J13,"⚠ 低于标示","")) | P13: =IF(OR(A13="",H13=""),0,G13*(H13-J13)) -> 0 | Q13: =IF(OR(A13="",H13=""),0,G13*J13) -> 0 | R13: =IF(OR(A13="",H13=""),0,IF(H13<J13,1,0)) -> 0
I14: =IF(A14="","",D14*(E14-F14)) | J14: =IF(A14="","",IFERROR(INDEX(设定!$B$5:$B$14,MATCH(C14,设定!$A$5:$A$14,0)),0)) | K14: =IF(A14="","",G14*J14/1000) | L14: =IF(A14="","",I14*IFERROR(INDEX(设定!$C$5:$C$14,MATCH(C14,设定!$A$5:$A$14,0)),0)) | M14: =IF(A14="","",IF(L14>0,K14/L14,0)) | N14: =IF(OR(A14="",H14=""),"",IF(J14>0,(H14-J14)/J14,0)) | O14: =IF(OR(A14="",H14=""),"",IF(H14<J14,"⚠ 低于标示","")) | P14: =IF(OR(A14="",H14=""),0,G14*(H14-J14)) -> 0 | Q14: =IF(OR(A14="",H14=""),0,G14*J14) -> 0 | R14: =IF(OR(A14="",H14=""),0,IF(H14<J14,1,0)) -> 0
I15: =IF(A15="","",D15*(E15-F15)) | J15: =IF(A15="","",IFERROR(INDEX(设定!$B$5:$B$14,MATCH(C15,设定!$A$5:$A$14,0)),0)) | K15: =IF(A15="","",G15*J15/1000) | L15: =IF(A15="","",I15*IFERROR(INDEX(设定!$C$5:$C$14,MATCH(C15,设定!$A$5:$A$14,0)),0)) | M15: =IF(A15="","",IF(L15>0,K15/L15,0)) | N15: =IF(OR(A15="",H15=""),"",IF(J15>0,(H15-J15)/J15,0)) | O15: =IF(OR(A15="",H15=""),"",IF(H15<J15,"⚠ 低于标示","")) | P15: =IF(OR(A15="",H15=""),0,G15*(H15-J15)) -> 0 | Q15: =IF(OR(A15="",H15=""),0,G15*J15) -> 0 | R15: =IF(OR(A15="",H15=""),0,IF(H15<J15,1,0)) -> 0
I16: =IF(A16="","",D16*(E16-F16)) | J16: =IF(A16="","",IFERROR(INDEX(设定!$B$5:$B$14,MATCH(C16,设定!$A$5:$A$14,0)),0)) | K16: =IF(A16="","",G16*J16/1000) | L16: =IF(A16="","",I16*IFERROR(INDEX(设定!$C$5:$C$14,MATCH(C16,设定!$A$5:$A$14,0)),0)) | M16: =IF(A16="","",IF(L16>0,K16/L16,0)) | N16: =IF(OR(A16="",H16=""),"",IF(J16>0,(H16-J16)/J16,0)) | O16: =IF(OR(A16="",H16=""),"",IF(H16<J16,"⚠ 低于标示","")) | P16: =IF(OR(A16="",H16=""),0,G16*(H16-J16)) -> 0 | Q16: =IF(OR(A16="",H16=""),0,G16*J16) -> 0 | R16: =IF(OR(A16="",H16=""),0,IF(H16<J16,1,0)) -> 0
I17: =IF(A17="","",D17*(E17-F17)) | J17: =IF(A17="","",IFERROR(INDEX(设定!$B$5:$B$14,MATCH(C17,设定!$A$5:$A$14,0)),0)) | K17: =IF(A17="","",G17*J17/1000) | L17: =IF(A17="","",I17*IFERROR(INDEX(设定!$C$5:$C$14,MATCH(C17,设定!$A$5:$A$14,0)),0)) | M17: =IF(A17="","",IF(L17>0,K17/L17,0)) | N17: =IF(OR(A17="",H17=""),"",IF(J17>0,(H17-J17)/J17,0)) | O17: =IF(OR(A17="",H17=""),"",IF(H17<J17,"⚠ 低于标示","")) | P17: =IF(OR(A17="",H17=""),0,G17*(H17-J17)) -> 0 | Q17: =IF(OR(A17="",H17=""),0,G17*J17) -> 0 | R17: =IF(OR(A17="",H17=""),0,IF(H17<J17,1,0)) -> 0
I18: =IF(A18="","",D18*(E18-F18)) | J18: =IF(A18="","",IFERROR(INDEX(设定!$B$5:$B$14,MATCH(C18,设定!$A$5:$A$14,0)),0)) | K18: =IF(A18="","",G18*J18/1000) | L18: =IF(A18="","",I18*IFERROR(INDEX(设定!$C$5:$C$14,MATCH(C18,设定!$A$5:$A$14,0)),0)) | M18: =IF(A18="","",IF(L18>0,K18/L18,0)) | N18: =IF(OR(A18="",H18=""),"",IF(J18>0,(H18-J18)/J18,0)) | O18: =IF(OR(A18="",H18=""),"",IF(H18<J18,"⚠ 低于标示","")) | P18: =IF(OR(A18="",H18=""),0,G18*(H18-J18)) -> 0 | Q18: =IF(OR(A18="",H18=""),0,G18*J18) -> 0 | R18: =IF(OR(A18="",H18=""),0,IF(H18<J18,1,0)) -> 0
I19: =IF(A19="","",D19*(E19-F19)) | J19: =IF(A19="","",IFERROR(INDEX(设定!$B$5:$B$14,MATCH(C19,设定!$A$5:$A$14,0)),0)) | K19: =IF(A19="","",G19*J19/1000) | L19: =IF(A19="","",I19*IFERROR(INDEX(设定!$C$5:$C$14,MATCH(C19,设定!$A$5:$A$14,0)),0)) | M19: =IF(A19="","",IF(L19>0,K19/L19,0)) | N19: =IF(OR(A19="",H19=""),"",IF(J19>0,(H19-J19)/J19,0)) | O19: =IF(OR(A19="",H19=""),"",IF(H19<J19,"⚠ 低于标示","")) | P19: =IF(OR(A19="",H19=""),0,G19*(H19-J19)) -> 0 | Q19: =IF(OR(A19="",H19=""),0,G19*J19) -> 0 | R19: =IF(OR(A19="",H19=""),0,IF(H19<J19,1,0)) -> 0
I20: =IF(A20="","",D20*(E20-F20)) | J20: =IF(A20="","",IFERROR(INDEX(设定!$B$5:$B$14,MATCH(C20,设定!$A$5:$A$14,0)),0)) | K20: =IF(A20="","",G20*J20/1000) | L20: =IF(A20="","",I20*IFERROR(INDEX(设定!$C$5:$C$14,MATCH(C20,设定!$A$5:$A$14,0)),0)) | M20: =IF(A20="","",IF(L20>0,K20/L20,0)) | N20: =IF(OR(A20="",H20=""),"",IF(J20>0,(H20-J20)/J20,0)) | O20: =IF(OR(A20="",H20=""),"",IF(H20<J20,"⚠ 低于标示","")) | P20: =IF(OR(A20="",H20=""),0,G20*(H20-J20)) -> 0 | Q20: =IF(OR(A20="",H20=""),0,G20*J20) -> 0 | R20: =IF(OR(A20="",H20=""),0,IF(H20<J20,1,0)) -> 0
I21: =IF(A21="","",D21*(E21-F21)) | J21: =IF(A21="","",IFERROR(INDEX(设定!$B$5:$B$14,MATCH(C21,设定!$A$5:$A$14,0)),0)) | K21: =IF(A21="","",G21*J21/1000) | L21: =IF(A21="","",I21*IFERROR(INDEX(设定!$C$5:$C$14,MATCH(C21,设定!$A$5:$A$14,0)),0)) | M21: =IF(A21="","",IF(L21>0,K21/L21,0)) | N21: =IF(OR(A21="",H21=""),"",IF(J21>0,(H21-J21)/J21,0)) | O21: =IF(OR(A21="",H21=""),"",IF(H21<J21,"⚠ 低于标示","")) | P21: =IF(OR(A21="",H21=""),0,G21*(H21-J21)) -> 0 | Q21: =IF(OR(A21="",H21=""),0,G21*J21) -> 0 | R21: =IF(OR(A21="",H21=""),0,IF(H21<J21,1,0)) -> 0
I22: =IF(A22="","",D22*(E22-F22)) | J22: =IF(A22="","",IFERROR(INDEX(设定!$B$5:$B$14,MATCH(C22,设定!$A$5:$A$14,0)),0)) | K22: =IF(A22="","",G22*J22/1000) | L22: =IF(A22="","",I22*IFERROR(INDEX(设定!$C$5:$C$14,MATCH(C22,设定!$A$5:$A$14,0)),0)) | M22: =IF(A22="","",IF(L22>0,K22/L22,0)) | N22: =IF(OR(A22="",H22=""),"",IF(J22>0,(H22-J22)/J22,0)) | O22: =IF(OR(A22="",H22=""),"",IF(H22<J22,"⚠ 低于标示","")) | P22: =IF(OR(A22="",H22=""),0,G22*(H22-J22)) -> 0 | Q22: =IF(OR(A22="",H22=""),0,G22*J22) -> 0 | R22: =IF(OR(A22="",H22=""),0,IF(H22<J22,1,0)) -> 0
... I401: =IF(A401="","",D401*(E401-F401)) | J401: =IF(A401="","",IFERROR(INDEX(设定!$B$5:$B$14,MATCH(C401,设定!$A$5:$A$14,0)),0)) | K401: =IF(A401="","",G401*J401/1000) | L401: =IF(A401="","",I401*IFERROR(INDEX(设定!$C$5:$C$14,MATCH(C401,设定!$A$5:$A$14,0)),0)) | M401: =IF(A401="","",IF(L401>0,K401/L401,0)) | N401: =IF(OR(A401="",H401=""),"",IF(J401>0,(H401-J401)/J401,0)) | O401: =IF(OR(A401="",H401=""),"",IF(H401<J401,"⚠ 低于标示","")) | P401: =IF(OR(A401="",H401=""),0,G401*(H401-J401)) -> 0 | Q401: =IF(OR(A401="",H401=""),0,G401*J401) -> 0 | R401: =IF(OR(A401="",H401=""),0,IF(H401<J401,1,0)) -> 0

Sheet 月度结算
A1: 月度结算
A2: 结算月份（填该月 1 号） | C2: 46296
A3: 月底日期 | C3: =EOMONTH(C2,0) -> 46326
A5: A. 每条线成绩
A6: 生产线 | B6: 实际产量 (kg) | C6: 标准产量 (kg) | D6: 达成率 | E6: 超重率 | F6: 低重次数 | G6: 轻微品质事件 (QC退货/GMP违规) | H6: 严重事件 (客诉/异物/食安) | I6: 效率奖 RM | J6: 控重奖 RM | K6: 品质倍数
A7: Line 1 | B7: =SUMIFS(每日记录!$K:$K,每日记录!$B:$B,$A7,每日记录!$A:$A,">="&$C$2,每日记录!$A:$A,"<="&$C$3) -> 597.5 | C7: =SUMIFS(每日记录!$L:$L,每日记录!$B:$B,$A7,每日记录!$A:$A,">="&$C$2,每日记录!$A:$A,"<="&$C$3) -> 576 | D7: =IF(C7>0,B7/C7,0) -> 1.0373264 | E7: =IFERROR(SUMIFS(每日记录!$P:$P,每日记录!$B:$B,$A7,每日记录!$A:$A,">="&$C$2,每日记录!$A:$A,"<="&$C$3)/SUMIFS(每日记录!$Q:$Q,每日记录!$B:$B,$A7,每日记录!$A:$A,">="&$C$2,每日记录!$A:$A,"<="&$C$3),0) -> 0.016560669 | F7: =SUMIFS(每日记录!$R:$R,每日记录!$B:$B,$A7,每日记录!$A:$A,">="&$C$2,每日记录!$A:$A,"<="&$C$3) -> 0 | G7: 0 | H7: 0 | I7: =IF(D7>=设定!$E$7,设定!$F$7,IF(D7>=设定!$E$6,设定!$F$6,IF(D7>=设定!$E$5,设定!$F$5,0))) -> 80 | J7: =IF(OR(E7<0,F7>0,C7=0),0,IF(E7<=设定!$E$11,设定!$F$11,IF(E7<=设定!$E$12,设定!$F$12,0))) -> 50 | K7: =IF(H7>0,设定!$F$24,IF(G7+F7=0,设定!$F$22,IF(G7+F7=1,设定!$F$23,设定!$F$24))) -> 1
A8: Line 2 | B8: =SUMIFS(每日记录!$K:$K,每日记录!$B:$B,$A8,每日记录!$A:$A,">="&$C$2,每日记录!$A:$A,"<="&$C$3) -> 459 | C8: =SUMIFS(每日记录!$L:$L,每日记录!$B:$B,$A8,每日记录!$A:$A,">="&$C$2,每日记录!$A:$A,"<="&$C$3) -> 414 | D8: =IF(C8>0,B8/C8,0) -> 1.1086957 | E8: =IFERROR(SUMIFS(每日记录!$P:$P,每日记录!$B:$B,$A8,每日记录!$A:$A,">="&$C$2,每日记录!$A:$A,"<="&$C$3)/SUMIFS(每日记录!$Q:$Q,每日记录!$B:$B,$A8,每日记录!$A:$A,">="&$C$2,每日记录!$A:$A,"<="&$C$3),0) -> 0.020294118 | F8: =SUMIFS(每日记录!$R:$R,每日记录!$B:$B,$A8,每日记录!$A:$A,">="&$C$2,每日记录!$A:$A,"<="&$C$3) -> 0 | G8: 0 | H8: 0 | I8: =IF(D8>=设定!$E$7,设定!$F$7,IF(D8>=设定!$E$6,设定!$F$6,IF(D8>=设定!$E$5,设定!$F$5,0))) -> 120 | J8: =IF(OR(E8<0,F8>0,C8=0),0,IF(E8<=设定!$E$11,设定!$F$11,IF(E8<=设定!$E$12,设定!$F$12,0))) -> 50 | K8: =IF(H8>0,设定!$F$24,IF(G8+F8=0,设定!$F$22,IF(G8+F8=1,设定!$F$23,设定!$F$24))) -> 1
A9: Line 3 | B9: =SUMIFS(每日记录!$K:$K,每日记录!$B:$B,$A9,每日记录!$A:$A,">="&$C$2,每日记录!$A:$A,"<="&$C$3) -> 248 | C9: =SUMIFS(每日记录!$L:$L,每日记录!$B:$B,$A9,每日记录!$A:$A,">="&$C$2,每日记录!$A:$A,"<="&$C$3) -> 240 | D9: =IF(C9>0,B9/C9,0) -> 1.0333333 | E9: =IFERROR(SUMIFS(每日记录!$P:$P,每日记录!$B:$B,$A9,每日记录!$A:$A,">="&$C$2,每日记录!$A:$A,"<="&$C$3)/SUMIFS(每日记录!$Q:$Q,每日记录!$B:$B,$A9,每日记录!$A:$A,">="&$C$2,每日记录!$A:$A,"<="&$C$3),0) -> 0.0060282258 | F9: =SUMIFS(每日记录!$R:$R,每日记录!$B:$B,$A9,每日记录!$A:$A,">="&$C$2,每日记录!$A:$A,"<="&$C$3) -> 1 | G9: 0 | H9: 0 | I9: =IF(D9>=设定!$E$7,设定!$F$7,IF(D9>=设定!$E$6,设定!$F$6,IF(D9>=设定!$E$5,设定!$F$5,0))) -> 80 | J9: =IF(OR(E9<0,F9>0,C9=0),0,IF(E9<=设定!$E$11,设定!$F$11,IF(E9<=设定!$E$12,设定!$F$12,0))) -> 0 | K9: =IF(H9>0,设定!$F$24,IF(G9+F9=0,设定!$F$22,IF(G9+F9=1,设定!$F$23,设定!$F$24))) -> 0.5
A10: 低重次数会自动算进品质事件；只要有低重，控重奖为 0。
A12: B. 每人奖金
A13: 姓名 | B13: 生产线 | C13: 迟到次数 | D13: 缺勤天数 (无MC) | E13: 出勤奖 RM | F13: 效率奖 RM | G13: 控重奖 RM | H13: 品质倍数 | I13: 团队奖 RM (效率+控重)×倍数 | J13: 总奖金 RM
A14: Ali | B14: Line 1 | C14: 0 | D14: 0 | E14: =IF(A14="","",IF(C14+D14=0,设定!$F$16,IF(C14+D14=1,设定!$F$17,设定!$F$18))) -> 80 | F14: =IF(A14="","",IFERROR(INDEX($I$7:$I$9,MATCH($B14,$A$7:$A$9,0)),0)) -> 80 | G14: =IF(A14="","",IFERROR(INDEX($J$7:$J$9,MATCH($B14,$A$7:$A$9,0)),0)) -> 50 | H14: =IF(A14="","",IFERROR(INDEX($K$7:$K$9,MATCH($B14,$A$7:$A$9,0)),0)) -> 1 | I14: =IF(A14="","",(F14+G14)*H14) -> 130 | J14: =IF(A14="","",E14+I14) -> 210
A15: Budi | B15: Line 1 | C15: 1 | D15: 0 | E15: =IF(A15="","",IF(C15+D15=0,设定!$F$16,IF(C15+D15=1,设定!$F$17,设定!$F$18))) -> 40 | F15: =IF(A15="","",IFERROR(INDEX($I$7:$I$9,MATCH($B15,$A$7:$A$9,0)),0)) -> 80 | G15: =IF(A15="","",IFERROR(INDEX($J$7:$J$9,MATCH($B15,$A$7:$A$9,0)),0)) -> 50 | H15: =IF(A15="","",IFERROR(INDEX($K$7:$K$9,MATCH($B15,$A$7:$A$9,0)),0)) -> 1 | I15: =IF(A15="","",(F15+G15)*H15) -> 130 | J15: =IF(A15="","",E15+I15) -> 170
A16: Siti | B16: Line 1 | C16: 0 | D16: 0 | E16: =IF(A16="","",IF(C16+D16=0,设定!$F$16,IF(C16+D16=1,设定!$F$17,设定!$F$18))) -> 80 | F16: =IF(A16="","",IFERROR(INDEX($I$7:$I$9,MATCH($B16,$A$7:$A$9,0)),0)) -> 80 | G16: =IF(A16="","",IFERROR(INDEX($J$7:$J$9,MATCH($B16,$A$7:$A$9,0)),0)) -> 50 | H16: =IF(A16="","",IFERROR(INDEX($K$7:$K$9,MATCH($B16,$A$7:$A$9,0)),0)) -> 1 | I16: =IF(A16="","",(F16+G16)*H16) -> 130 | J16: =IF(A16="","",E16+I16) -> 210
A17: Ram | B17: Line 2 | C17: 0 | D17: 0 | E17: =IF(A17="","",IF(C17+D17=0,设定!$F$16,IF(C17+D17=1,设定!$F$17,设定!$F$18))) -> 80 | F17: =IF(A17="","",IFERROR(INDEX($I$7:$I$9,MATCH($B17,$A$7:$A$9,0)),0)) -> 120 | G17: =IF(A17="","",IFERROR(INDEX($J$7:$J$9,MATCH($B17,$A$7:$A$9,0)),0)) -> 50 | H17: =IF(A17="","",IFERROR(INDEX($K$7:$K$9,MATCH($B17,$A$7:$A$9,0)),0)) -> 1 | I17: =IF(A17="","",(F17+G17)*H17) -> 170 | J17: =IF(A17="","",E17+I17) -> 250
A18: Hasan | B18: Line 2 | C18: 0 | D18: 2 | E18: =IF(A18="","",IF(C18+D18=0,设定!$F$16,IF(C18+D18=1,设定!$F$17,设定!$F$18))) -> 0 | F18: =IF(A18="","",IFERROR(INDEX($I$7:$I$9,MATCH($B18,$A$7:$A$9,0)),0)) -> 120 | G18: =IF(A18="","",IFERROR(INDEX($J$7:$J$9,MATCH($B18,$A$7:$A$9,0)),0)) -> 50 | H18: =IF(A18="","",IFERROR(INDEX($K$7:$K$9,MATCH($B18,$A$7:$A$9,0)),0)) -> 1 | I18: =IF(A18="","",(F18+G18)*H18) -> 170 | J18: =IF(A18="","",E18+I18) -> 170
A19: Mei | B19: Line 2 | C19: 0 | D19: 0 | E19: =IF(A19="","",IF(C19+D19=0,设定!$F$16,IF(C19+D19=1,设定!$F$17,设定!$F$18))) -> 80 | F19: =IF(A19="","",IFERROR(INDEX($I$7:$I$9,MATCH($B19,$A$7:$A$9,0)),0)) -> 120 | G19: =IF(A19="","",IFERROR(INDEX($J$7:$J$9,MATCH($B19,$A$7:$A$9,0)),0)) -> 50 | H19: =IF(A19="","",IFERROR(INDEX($K$7:$K$9,MATCH($B19,$A$7:$A$9,0)),0)) -> 1 | I19: =IF(A19="","",(F19+G19)*H19) -> 170 | J19: =IF(A19="","",E19+I19) -> 250
A20: Nur | B20: Line 3 | C20: 0 | D20: 1 | E20: =IF(A20="","",IF(C20+D20=0,设定!$F$16,IF(C20+D20=1,设定!$F$17,设定!$F$18))) -> 40 | F20: =IF(A20="","",IFERROR(INDEX($I$7:$I$9,MATCH($B20,$A$7:$A$9,0)),0)) -> 80 | G20: =IF(A20="","",IFERROR(INDEX($J$7:$J$9,MATCH($B20,$A$7:$A$9,0)),0)) -> 0 | H20: =IF(A20="","",IFERROR(INDEX($K$7:$K$9,MATCH($B20,$A$7:$A$9,0)),0)) -> 0.5 | I20: =IF(A20="","",(F20+G20)*H20) -> 40 | J20: =IF(A20="","",E20+I20) -> 80
A21: Tan | B21: Line 3 | C21: 0 | D21: 0 | E21: =IF(A21="","",IF(C21+D21=0,设定!$F$16,IF(C21+D21=1,设定!$F$17,设定!$F$18))) -> 80 | F21: =IF(A21="","",IFERROR(INDEX($I$7:$I$9,MATCH($B21,$A$7:$A$9,0)),0)) -> 80 | G21: =IF(A21="","",IFERROR(INDEX($J$7:$J$9,MATCH($B21,$A$7:$A$9,0)),0)) -> 0 | H21: =IF(A21="","",IFERROR(INDEX($K$7:$K$9,MATCH($B21,$A$7:$A$9,0)),0)) -> 0.5 | I21: =IF(A21="","",(F21+G21)*H21) -> 40 | J21: =IF(A21="","",E21+I21) -> 120
E22: =IF(A22="","",IF(C22+D22=0,设定!$F$16,IF(C22+D22=1,设定!$F$17,设定!$F$18))) | F22: =IF(A22="","",IFERROR(INDEX($I$7:$I$9,MATCH($B22,$A$7:$A$9,0)),0)) | G22: =IF(A22="","",IFERROR(INDEX($J$7:$J$9,MATCH($B22,$A$7:$A$9,0)),0)) | H22: =IF(A22="","",IFERROR(INDEX($K$7:$K$9,MATCH($B22,$A$7:$A$9,0)),0)) | I22: =IF(A22="","",(F22+G22)*H22) | J22: =IF(A22="","",E22+I22)
E23: =IF(A23="","",IF(C23+D23=0,设定!$F$16,IF(C23+D23=1,设定!$F$17,设定!$F$18))) | F23: =IF(A23="","",IFERROR(INDEX($I$7:$I$9,MATCH($B23,$A$7:$A$9,0)),0)) | G23: =IF(A23="","",IFERROR(INDEX($J$7:$J$9,MATCH($B23,$A$7:$A$9,0)),0)) | H23: =IF(A23="","",IFERROR(INDEX($K$7:$K$9,MATCH($B23,$A$7:$A$9,0)),0)) | I23: =IF(A23="","",(F23+G23)*H23) | J23: =IF(A23="","",E23+I23)
E24: =IF(A24="","",IF(C24+D24=0,设定!$F$16,IF(C24+D24=1,设定!$F$17,设定!$F$18))) | F24: =IF(A24="","",IFERROR(INDEX($I$7:$I$9,MATCH($B24,$A$7:$A$9,0)),0)) | G24: =IF(A24="","",IFERROR(INDEX($J$7:$J$9,MATCH($B24,$A$7:$A$9,0)),0)) | H24: =IF(A24="","",IFERROR(INDEX($K$7:$K$9,MATCH($B24,$A$7:$A$9,0)),0)) | I24: =IF(A24="","",(F24+G24)*H24) | J24: =IF(A24="","",E24+I24)
E25: =IF(A25="","",IF(C25+D25=0,设定!$F$16,IF(C25+D25=1,设定!$F$17,设定!$F$18))) | F25: =IF(A25="","",IFERROR(INDEX($I$7:$I$9,MATCH($B25,$A$7:$A$9,0)),0)) | G25: =IF(A25="","",IFERROR(INDEX($J$7:$J$9,MATCH($B25,$A$7:$A$9,0)),0)) | H25: =IF(A25="","",IFERROR(INDEX($K$7:$K$9,MATCH($B25,$A$7:$A$9,0)),0)) | I25: =IF(A25="","",(F25+G25)*H25) | J25: =IF(A25="","",E25+I25)
H27: 本月合计 RM | J27: =SUM(J14:J25) -> 1460
